Order ID,Order Date,Customer Name,Segment,Region,Category,Sub-Category,Sales,Profit,Quantity
ORD-1000,2022-01-01,Rohit Mehta,Home Office,West,Office Supplies,Chairs,17618.88,-2067.96,7
ORD-1001,2022-01-02,Priya Patel,Consumer,East,Technology,Accessories,6685.32,-100.12,5
ORD-1002,2022-01-03,Ankit Gupta,Consumer,South,Furniture,Binders,17443.56,1002.53,1
ORD-1003,2022-01-04,Rohit Mehta,Home Office,South,Technology,Accessories,7825.61,1251.78,8
ORD-1004,2022-01-05,Neha Singh,Consumer,South,Technology,Chairs,6288.95,657.35,4
ORD-1005,2022-01-06,Karan Malhotra,Home Office,East,Technology,Accessories,13156.96,7185.59,9
ORD-1006,2022-01-07,Ankit Gupta,Corporate,West,Technology,Tables,6903.43,4178.25,6
ORD-1007,2022-01-08,Ankit Gupta,Consumer,West,Office Supplies,Phones,12789.07,3205.22,1
ORD-1008,2022-01-09,Rohit Mehta,Corporate,East,Furniture,Binders,12391.72,-4352.05,3
ORD-1009,2022-01-10,Rahul Verma,Home Office,West,Technology,Storage,11487.06,6750.87,3
ORD-1010,2022-01-11,Neha Singh,Corporate,East,Office Supplies,Phones,7918.18,6822.07,4
ORD-1011,2022-01-12,Rohit Mehta,Corporate,West,Furniture,Accessories,11195.74,5142.77,6
ORD-1012,2022-01-13,Neha Singh,Home Office,North,Furniture,Binders,12131.47,-4908.62,7
ORD-1013,2022-01-14,Neha Singh,Corporate,North,Furniture,Accessories,11140.89,-4255.36,4
ORD-1014,2022-01-15,Karan Malhotra,Corporate,South,Furniture,Tables,9166.18,-2072.09,6
ORD-1015,2022-01-16,Ankit Gupta,Home Office,North,Technology,Chairs,786.01,-3292.46,1
ORD-1016,2022-01-17,Priya Patel,Corporate,North,Technology,Binders,11947.7,184.87,8
ORD-1017,2022-01-18,Karan Malhotra,Home Office,North,Office Supplies,Tables,3784.67,6994.1,7
ORD-1018,2022-01-19,Karan Malhotra,Corporate,East,Office Supplies,Tables,13030.23,1136.79,9
ORD-1019,2022-01-20,Neha Singh,Home Office,North,Office Supplies,Binders,15307.21,-4825.77,3
ORD-1020,2022-01-21,Sneha Iyer,Home Office,North,Furniture,Accessories,10258.68,-1324.31,2
ORD-1021,2022-01-22,Ankit Gupta,Corporate,South,Furniture,Storage,11076.09,-4420.27,1
ORD-1022,2022-01-23,Rahul Verma,Corporate,North,Technology,Tables,19053.83,-4528.26,3
ORD-1023,2022-01-24,Karan Malhotra,Corporate,North,Furniture,Phones,17019.76,-1415.64,5
ORD-1024,2022-01-25,Priya Patel,Consumer,West,Furniture,Tables,18327.61,-1417.04,2
ORD-1025,2022-01-26,Sneha Iyer,Consumer,South,Furniture,Storage,16368.44,5232.65,3
ORD-1026,2022-01-27,Sneha Iyer,Consumer,South,Office Supplies,Accessories,2623.91,7672.85,4
ORD-1027,2022-01-28,Rahul Verma,Home Office,South,Office Supplies,Accessories,3405.34,-174.31,7
ORD-1028,2022-01-29,Karan Malhotra,Corporate,South,Technology,Phones,10769.16,575.53,3
ORD-1029,2022-01-30,Priya Patel,Home Office,South,Furniture,Tables,5298.36,5982.26,9
ORD-1030,2022-01-31,Ankit Gupta,Consumer,South,Furniture,Accessories,9795.56,-1514.19,8
ORD-1031,2022-02-01,Amit Sharma,Corporate,East,Technology,Storage,8190.12,-2967.04,4
ORD-1032,2022-02-02,Priya Patel,Home Office,North,Furniture,Binders,11213.58,6090.17,1
ORD-1033,2022-02-03,Rahul Verma,Corporate,South,Furniture,Chairs,15064.08,-4395.49,1
ORD-1034,2022-02-04,Sneha Iyer,Home Office,North,Office Supplies,Chairs,14452.07,3056.09,1
ORD-1035,2022-02-05,Ankit Gupta,Corporate,North,Technology,Chairs,10664.07,2305.91,1
ORD-1036,2022-02-06,Priya Patel,Consumer,East,Technology,Tables,16536.67,-503.03,8
ORD-1037,2022-02-07,Amit Sharma,Consumer,South,Technology,Phones,8901.81,-902.54,3
ORD-1038,2022-02-08,Amit Sharma,Corporate,West,Technology,Accessories,17985.93,5034.15,6
ORD-1039,2022-02-09,Neha Singh,Home Office,East,Office Supplies,Binders,1889.97,-3876.48,3
ORD-1040,2022-02-10,Neha Singh,Consumer,West,Office Supplies,Storage,19115.87,-1921.8,5
ORD-1041,2022-02-11,Rohit Mehta,Consumer,North,Furniture,Binders,13266.52,4521.83,7
ORD-1042,2022-02-12,Rahul Verma,Consumer,North,Furniture,Storage,7911.45,2128.17,2
ORD-1043,2022-02-13,Karan Malhotra,Corporate,East,Furniture,Tables,4344.51,-3336.15,6
ORD-1044,2022-02-14,Priya Patel,Corporate,East,Furniture,Chairs,9844.07,6467.76,6
ORD-1045,2022-02-15,Priya Patel,Home Office,West,Office Supplies,Tables,4293.89,114.82,3
ORD-1046,2022-02-16,Karan Malhotra,Home Office,South,Technology,Phones,3743.47,5762.29,6
ORD-1047,2022-02-17,Rohit Mehta,Home Office,West,Office Supplies,Phones,12538.36,5240.27,5
ORD-1048,2022-02-18,Sneha Iyer,Corporate,East,Furniture,Storage,10700.15,3117.53,2
ORD-1049,2022-02-19,Sneha Iyer,Corporate,West,Office Supplies,Accessories,13566.87,1428.25,9
ORD-1050,2022-02-20,Rohit Mehta,Home Office,East,Technology,Accessories,18627.31,7734.16,8
ORD-1051,2022-02-21,Sneha Iyer,Home Office,West,Technology,Storage,10879.07,-3115.45,3
ORD-1052,2022-02-22,Neha Singh,Corporate,East,Office Supplies,Phones,11828.18,4427.02,8
ORD-1053,2022-02-23,Priya Patel,Home Office,East,Office Supplies,Phones,2247.71,-2514.52,9
ORD-1054,2022-02-24,Rohit Mehta,Consumer,East,Office Supplies,Phones,14493.9,-602.58,3
ORD-1055,2022-02-25,Priya Patel,Corporate,South,Furniture,Tables,8298.15,-986.92,3
ORD-1056,2022-02-26,Karan Malhotra,Home Office,West,Office Supplies,Phones,19546.14,7311.47,2
ORD-1057,2022-02-27,Amit Sharma,Corporate,West,Office Supplies,Binders,16551.89,7575.63,8
ORD-1058,2022-02-28,Neha Singh,Consumer,West,Office Supplies,Chairs,10688.38,-2620.8,1
ORD-1059,2022-03-01,Ankit Gupta,Corporate,East,Technology,Phones,2902.84,-4713.54,8
ORD-1060,2022-03-02,Neha Singh,Corporate,West,Technology,Storage,17258.61,4360.1,7
ORD-1061,2022-03-03,Rohit Mehta,Corporate,West,Furniture,Chairs,16095.73,433.87,7
ORD-1062,2022-03-04,Ankit Gupta,Corporate,East,Furniture,Tables,4099.41,-3845.08,3
ORD-1063,2022-03-05,Amit Sharma,Consumer,North,Technology,Storage,6257.93,3888.8,1
ORD-1064,2022-03-06,Rohit Mehta,Corporate,East,Technology,Chairs,15971.44,2086.37,4
ORD-1065,2022-03-07,Rahul Verma,Corporate,West,Technology,Storage,4111.95,7746.72,9
ORD-1066,2022-03-08,Priya Patel,Home Office,East,Office Supplies,Tables,18396.17,-2043.68,5
ORD-1067,2022-03-09,Amit Sharma,Corporate,North,Office Supplies,Binders,8778.28,251.71,1
ORD-1068,2022-03-10,Priya Patel,Home Office,East,Technology,Tables,2197.26,2053.1,5
ORD-1069,2022-03-11,Sneha Iyer,Consumer,West,Office Supplies,Tables,16407.1,5292.1,8
ORD-1070,2022-03-12,Rahul Verma,Consumer,North,Office Supplies,Storage,7783.44,2134.9,8
ORD-1071,2022-03-13,Rahul Verma,Consumer,South,Furniture,Accessories,10766.73,2967.7,5
ORD-1072,2022-03-14,Amit Sharma,Consumer,West,Technology,Phones,2689.93,-2060.09,9
ORD-1073,2022-03-15,Rahul Verma,Home Office,North,Technology,Phones,550.39,6009.94,1
ORD-1074,2022-03-16,Ankit Gupta,Corporate,North,Office Supplies,Binders,12940.71,572.2,4
ORD-1075,2022-03-17,Rahul Verma,Consumer,South,Technology,Binders,10545.92,-3167.52,3
ORD-1076,2022-03-18,Priya Patel,Corporate,East,Furniture,Phones,12074.0,3634.44,2
ORD-1077,2022-03-19,Priya Patel,Home Office,East,Furniture,Accessories,15978.01,-2190.82,8
ORD-1078,2022-03-20,Rohit Mehta,Home Office,West,Furniture,Phones,13108.82,-3731.69,7
ORD-1079,2022-03-21,Priya Patel,Home Office,South,Technology,Accessories,3908.08,6205.83,9
ORD-1080,2022-03-22,Rohit Mehta,Consumer,East,Technology,Binders,7535.06,982.11,2
ORD-1081,2022-03-23,Priya Patel,Corporate,South,Technology,Chairs,18164.88,4740.69,4
ORD-1082,2022-03-24,Ankit Gupta,Corporate,East,Technology,Storage,15513.92,-1222.36,6
ORD-1083,2022-03-25,Karan Malhotra,Corporate,North,Technology,Binders,11354.42,5230.61,3
ORD-1084,2022-03-26,Rohit Mehta,Home Office,East,Furniture,Binders,5485.08,-3544.83,8
ORD-1085,2022-03-27,Neha Singh,Consumer,South,Office Supplies,Tables,6390.18,-372.35,3
ORD-1086,2022-03-28,Sneha Iyer,Home Office,North,Furniture,Tables,14773.18,7714.8,2
ORD-1087,2022-03-29,Amit Sharma,Home Office,North,Technology,Tables,17097.9,5321.87,3
ORD-1088,2022-03-30,Priya Patel,Corporate,North,Furniture,Storage,13592.78,1464.33,6
ORD-1089,2022-03-31,Rahul Verma,Home Office,South,Technology,Tables,16285.83,-582.89,2
ORD-1090,2022-04-01,Karan Malhotra,Corporate,West,Technology,Accessories,15449.79,6337.76,8
ORD-1091,2022-04-02,Priya Patel,Consumer,West,Furniture,Phones,3419.23,2083.02,1
ORD-1092,2022-04-03,Rahul Verma,Corporate,West,Technology,Chairs,8766.92,4859.53,7
ORD-1093,2022-04-04,Sneha Iyer,Consumer,South,Office Supplies,Binders,3483.18,4803.4,2
ORD-1094,2022-04-05,Sneha Iyer,Corporate,North,Technology,Accessories,5087.09,-4766.71,6
ORD-1095,2022-04-06,Sneha Iyer,Home Office,West,Office Supplies,Chairs,17450.56,-3358.7,2
ORD-1096,2022-04-07,Rahul Verma,Home Office,South,Office Supplies,Accessories,9721.39,3575.18,2
ORD-1097,2022-04-08,Priya Patel,Consumer,West,Technology,Accessories,10939.48,-2898.94,8
ORD-1098,2022-04-09,Sneha Iyer,Consumer,East,Furniture,Binders,3979.7,-1678.59,2
ORD-1099,2022-04-10,Ankit Gupta,Consumer,West,Office Supplies,Phones,6589.3,7306.29,7
ORD-1100,2022-04-11,Rohit Mehta,Corporate,West,Furniture,Tables,4989.8,2282.37,3
ORD-1101,2022-04-12,Rahul Verma,Corporate,North,Office Supplies,Storage,4520.63,4759.48,8
ORD-1102,2022-04-13,Rahul Verma,Consumer,South,Technology,Phones,12940.24,2253.75,7
ORD-1103,2022-04-14,Priya Patel,Home Office,North,Technology,Storage,5509.24,2182.68,8
ORD-1104,2022-04-15,Rahul Verma,Corporate,North,Office Supplies,Binders,12824.3,-3776.03,7
ORD-1105,2022-04-16,Rahul Verma,Corporate,North,Technology,Binders,1639.86,-532.38,6
ORD-1106,2022-04-17,Sneha Iyer,Corporate,North,Office Supplies,Binders,3264.6,-1328.4,7
ORD-1107,2022-04-18,Priya Patel,Consumer,North,Technology,Chairs,5853.53,79.47,5
ORD-1108,2022-04-19,Sneha Iyer,Consumer,West,Furniture,Storage,12142.41,5378.47,7
ORD-1109,2022-04-20,Rohit Mehta,Consumer,North,Technology,Phones,13678.9,-164.88,1
ORD-1110,2022-04-21,Karan Malhotra,Consumer,North,Furniture,Phones,9132.98,872.06,1
ORD-1111,2022-04-22,Rohit Mehta,Consumer,South,Technology,Accessories,9192.92,165.96,9
ORD-1112,2022-04-23,Karan Malhotra,Home Office,East,Furniture,Accessories,14628.08,-3785.7,5
ORD-1113,2022-04-24,Sneha Iyer,Home Office,West,Technology,Accessories,808.51,733.94,5
ORD-1114,2022-04-25,Rohit Mehta,Consumer,West,Furniture,Binders,7151.26,-2457.08,3
ORD-1115,2022-04-26,Priya Patel,Corporate,West,Office Supplies,Phones,16464.79,-2572.6,5
ORD-1116,2022-04-27,Amit Sharma,Consumer,North,Office Supplies,Storage,12262.78,-3777.53,3
ORD-1117,2022-04-28,Sneha Iyer,Home Office,North,Furniture,Binders,7075.93,-363.28,9
ORD-1118,2022-04-29,Karan Malhotra,Home Office,North,Technology,Chairs,18157.73,4847.26,9
ORD-1119,2022-04-30,Ankit Gupta,Corporate,South,Furniture,Accessories,15566.14,-1406.26,6
ORD-1120,2022-05-01,Karan Malhotra,Home Office,East,Technology,Binders,5665.46,-939.46,1
ORD-1121,2022-05-02,Ankit Gupta,Consumer,North,Office Supplies,Binders,13083.15,3354.77,7
ORD-1122,2022-05-03,Rahul Verma,Corporate,East,Technology,Chairs,12117.14,-2454.07,7
ORD-1123,2022-05-04,Rohit Mehta,Consumer,South,Office Supplies,Tables,8323.16,6660.45,4
ORD-1124,2022-05-05,Ankit Gupta,Consumer,West,Technology,Phones,7655.64,1762.48,8
ORD-1125,2022-05-06,Karan Malhotra,Corporate,North,Technology,Storage,7199.43,818.84,6
ORD-1126,2022-05-07,Rahul Verma,Consumer,East,Technology,Tables,12534.54,2251.66,4
ORD-1127,2022-05-08,Amit Sharma,Home Office,East,Furniture,Accessories,9126.99,-2841.55,4
ORD-1128,2022-05-09,Priya Patel,Consumer,North,Furniture,Binders,16721.33,2975.15,2
ORD-1129,2022-05-10,Priya Patel,Corporate,West,Office Supplies,Chairs,13557.25,-279.69,2
ORD-1130,2022-05-11,Priya Patel,Corporate,West,Office Supplies,Chairs,1863.67,6663.42,4
ORD-1131,2022-05-12,Ankit Gupta,Corporate,West,Furniture,Phones,12983.28,-2804.9,5
ORD-1132,2022-05-13,Amit Sharma,Consumer,South,Office Supplies,Tables,5787.38,1591.66,8
ORD-1133,2022-05-14,Ankit Gupta,Corporate,East,Furniture,Phones,12059.83,2775.46,6
ORD-1134,2022-05-15,Rohit Mehta,Corporate,East,Technology,Binders,13762.57,-4566.01,4
ORD-1135,2022-05-16,Ankit Gupta,Consumer,East,Office Supplies,Phones,5001.17,-271.99,7
ORD-1136,2022-05-17,Amit Sharma,Home Office,South,Office Supplies,Storage,9408.74,4524.26,8
ORD-1137,2022-05-18,Amit Sharma,Consumer,East,Furniture,Chairs,4211.33,5664.91,2
ORD-1138,2022-05-19,Rohit Mehta,Corporate,South,Office Supplies,Chairs,1520.61,-928.89,7
ORD-1139,2022-05-20,Amit Sharma,Corporate,West,Office Supplies,Accessories,7880.29,5381.71,2
ORD-1140,2022-05-21,Karan Malhotra,Consumer,North,Technology,Accessories,7577.41,7580.83,2
ORD-1141,2022-05-22,Amit Sharma,Home Office,East,Office Supplies,Binders,19911.87,6139.36,8
ORD-1142,2022-05-23,Priya Patel,Corporate,East,Technology,Storage,9203.87,-3470.63,2
ORD-1143,2022-05-24,Karan Malhotra,Corporate,West,Furniture,Tables,7004.61,4616.49,9
ORD-1144,2022-05-25,Karan Malhotra,Corporate,North,Office Supplies,Phones,11819.26,-844.33,1
ORD-1145,2022-05-26,Rohit Mehta,Consumer,South,Technology,Binders,2230.96,7849.41,9
ORD-1146,2022-05-27,Neha Singh,Corporate,North,Furniture,Accessories,19252.48,1309.67,1
ORD-1147,2022-05-28,Neha Singh,Home Office,West,Office Supplies,Phones,12881.72,-3408.36,2
ORD-1148,2022-05-29,Amit Sharma,Corporate,West,Furniture,Accessories,15219.34,4427.41,6
ORD-1149,2022-05-30,Karan Malhotra,Corporate,North,Office Supplies,Phones,3824.32,-800.85,6
ORD-1150,2022-05-31,Neha Singh,Home Office,South,Furniture,Tables,8484.82,7962.02,1
ORD-1151,2022-06-01,Neha Singh,Corporate,South,Furniture,Binders,8742.44,7737.17,7
ORD-1152,2022-06-02,Amit Sharma,Consumer,East,Technology,Phones,16525.23,3529.74,8
ORD-1153,2022-06-03,Neha Singh,Consumer,South,Furniture,Storage,524.12,-3312.26,2
ORD-1154,2022-06-04,Ankit Gupta,Consumer,North,Office Supplies,Chairs,6366.64,3929.19,8
ORD-1155,2022-06-05,Rahul Verma,Home Office,West,Office Supplies,Storage,19634.11,-3790.6,9
ORD-1156,2022-06-06,Rohit Mehta,Corporate,East,Technology,Storage,9760.29,-4618.27,6
ORD-1157,2022-06-07,Rahul Verma,Consumer,East,Office Supplies,Chairs,7959.26,5698.46,5
ORD-1158,2022-06-08,Amit Sharma,Home Office,West,Office Supplies,Storage,2836.67,-2273.21,9
ORD-1159,2022-06-09,Priya Patel,Corporate,South,Office Supplies,Phones,19496.21,-72.65,9
ORD-1160,2022-06-10,Rohit Mehta,Home Office,West,Furniture,Phones,890.51,7654.95,1
ORD-1161,2022-06-11,Amit Sharma,Consumer,South,Furniture,Phones,14875.01,-621.07,3
ORD-1162,2022-06-12,Karan Malhotra,Consumer,West,Office Supplies,Chairs,15487.7,-1145.63,9
ORD-1163,2022-06-13,Priya Patel,Consumer,North,Technology,Storage,5251.31,6936.7,2
ORD-1164,2022-06-14,Rahul Verma,Home Office,South,Furniture,Chairs,13595.39,-3560.27,4
ORD-1165,2022-06-15,Amit Sharma,Home Office,North,Technology,Phones,2312.12,4874.57,4
ORD-1166,2022-06-16,Karan Malhotra,Consumer,East,Office Supplies,Storage,5512.42,7844.85,2
ORD-1167,2022-06-17,Rohit Mehta,Home Office,West,Office Supplies,Storage,15864.09,6716.85,3
ORD-1168,2022-06-18,Rohit Mehta,Consumer,East,Furniture,Accessories,17361.38,3471.68,3
ORD-1169,2022-06-19,Sneha Iyer,Consumer,East,Office Supplies,Accessories,12365.49,-917.21,1
ORD-1170,2022-06-20,Karan Malhotra,Corporate,East,Furniture,Tables,10383.35,-1693.81,6
ORD-1171,2022-06-21,Ankit Gupta,Home Office,East,Office Supplies,Binders,3606.43,5650.32,8
ORD-1172,2022-06-22,Neha Singh,Consumer,West,Office Supplies,Accessories,1730.63,6437.68,3
ORD-1173,2022-06-23,Priya Patel,Consumer,East,Furniture,Chairs,2794.16,1830.65,5
ORD-1174,2022-06-24,Karan Malhotra,Home Office,West,Furniture,Accessories,4933.47,-1823.58,1
ORD-1175,2022-06-25,Sneha Iyer,Corporate,West,Furniture,Tables,7162.65,-3531.74,7
ORD-1176,2022-06-26,Neha Singh,Corporate,North,Office Supplies,Storage,7927.74,-3866.67,1
ORD-1177,2022-06-27,Neha Singh,Consumer,South,Office Supplies,Tables,7253.27,4348.01,9
ORD-1178,2022-06-28,Amit Sharma,Home Office,South,Technology,Storage,5161.58,461.54,8
ORD-1179,2022-06-29,Neha Singh,Corporate,West,Furniture,Storage,10439.62,6769.68,7
ORD-1180,2022-06-30,Ankit Gupta,Home Office,North,Office Supplies,Binders,16593.08,4615.73,7
ORD-1181,2022-07-01,Rohit Mehta,Home Office,West,Office Supplies,Accessories,5954.22,-2513.61,5
ORD-1182,2022-07-02,Sneha Iyer,Consumer,West,Furniture,Chairs,18876.55,2979.11,5
ORD-1183,2022-07-03,Neha Singh,Corporate,West,Technology,Chairs,17530.06,661.57,5
ORD-1184,2022-07-04,Amit Sharma,Consumer,North,Furniture,Phones,3654.4,2504.25,1
ORD-1185,2022-07-05,Ankit Gupta,Corporate,South,Technology,Storage,15832.38,4594.9,8
ORD-1186,2022-07-06,Rahul Verma,Corporate,North,Office Supplies,Chairs,11704.45,5480.55,1
ORD-1187,2022-07-07,Rohit Mehta,Corporate,East,Technology,Binders,11548.22,5968.59,4
ORD-1188,2022-07-08,Rohit Mehta,Corporate,North,Office Supplies,Storage,8125.33,-1698.33,9
ORD-1189,2022-07-09,Sneha Iyer,Corporate,North,Furniture,Binders,10272.48,-4595.5,9
ORD-1190,2022-07-10,Rohit Mehta,Home Office,North,Furniture,Chairs,8244.99,4610.83,5
ORD-1191,2022-07-11,Neha Singh,Consumer,North,Furniture,Chairs,11024.79,-3617.53,4
ORD-1192,2022-07-12,Amit Sharma,Home Office,South,Technology,Phones,12745.03,-906.05,3
ORD-1193,2022-07-13,Rohit Mehta,Corporate,East,Office Supplies,Chairs,13648.92,-4950.38,3
ORD-1194,2022-07-14,Rohit Mehta,Consumer,South,Furniture,Storage,10883.38,3861.7,5
ORD-1195,2022-07-15,Rahul Verma,Corporate,South,Furniture,Storage,14567.73,-2827.28,1
ORD-1196,2022-07-16,Rahul Verma,Consumer,North,Office Supplies,Storage,3254.92,3518.67,5
ORD-1197,2022-07-17,Priya Patel,Home Office,West,Furniture,Phones,4633.66,7892.65,6
ORD-1198,2022-07-18,Ankit Gupta,Consumer,West,Office Supplies,Phones,16465.33,-4055.28,7
ORD-1199,2022-07-19,Neha Singh,Consumer,South,Office Supplies,Chairs,6789.3,-3997.99,9
ORD-1200,2022-07-20,Rohit Mehta,Consumer,South,Office Supplies,Tables,946.43,-575.06,3
ORD-1201,2022-07-21,Karan Malhotra,Consumer,North,Office Supplies,Tables,3498.93,6263.02,2
ORD-1202,2022-07-22,Rohit Mehta,Consumer,South,Office Supplies,Phones,4860.48,-2198.11,3
ORD-1203,2022-07-23,Amit Sharma,Corporate,North,Technology,Chairs,19167.8,-315.09,9
ORD-1204,2022-07-24,Priya Patel,Consumer,West,Furniture,Tables,11674.31,-4109.43,7
ORD-1205,2022-07-25,Ankit Gupta,Consumer,West,Technology,Chairs,18688.25,4921.02,9
ORD-1206,2022-07-26,Karan Malhotra,Home Office,East,Furniture,Chairs,11715.69,307.98,2
ORD-1207,2022-07-27,Priya Patel,Consumer,West,Technology,Chairs,9847.41,4870.23,5
ORD-1208,2022-07-28,Sneha Iyer,Home Office,South,Office Supplies,Accessories,6617.69,6746.9,4
ORD-1209,2022-07-29,Ankit Gupta,Corporate,West,Furniture,Storage,12324.23,-1974.08,2
ORD-1210,2022-07-30,Rohit Mehta,Consumer,North,Furniture,Chairs,3214.36,5496.15,9
ORD-1211,2022-07-31,Rohit Mehta,Home Office,West,Technology,Accessories,18016.1,-4231.78,9
ORD-1212,2022-08-01,Ankit Gupta,Home Office,East,Technology,Phones,16671.98,6685.02,6
ORD-1213,2022-08-02,Rohit Mehta,Corporate,West,Furniture,Tables,6691.86,3459.99,6
ORD-1214,2022-08-03,Neha Singh,Consumer,North,Technology,Storage,19079.55,6364.95,8
ORD-1215,2022-08-04,Ankit Gupta,Consumer,North,Technology,Tables,16591.41,-4997.55,6
ORD-1216,2022-08-05,Priya Patel,Home Office,South,Technology,Storage,13492.98,-2801.95,1
ORD-1217,2022-08-06,Ankit Gupta,Consumer,West,Office Supplies,Tables,2874.36,66.87,4
ORD-1218,2022-08-07,Karan Malhotra,Home Office,North,Office Supplies,Storage,9825.56,-66.46,7
ORD-1219,2022-08-08,Rohit Mehta,Consumer,East,Technology,Tables,10369.1,-2052.51,2
ORD-1220,2022-08-09,Neha Singh,Home Office,South,Technology,Tables,5034.75,-39.04,9
ORD-1221,2022-08-10,Neha Singh,Consumer,East,Office Supplies,Tables,2059.33,-3324.97,8
ORD-1222,2022-08-11,Sneha Iyer,Corporate,West,Office Supplies,Tables,15646.11,365.89,8
ORD-1223,2022-08-12,Priya Patel,Consumer,West,Furniture,Phones,2879.68,5430.61,7
ORD-1224,2022-08-13,Rahul Verma,Consumer,West,Furniture,Chairs,12088.67,1227.91,4
ORD-1225,2022-08-14,Rahul Verma,Corporate,South,Office Supplies,Binders,18760.76,-4766.0,2
ORD-1226,2022-08-15,Ankit Gupta,Consumer,North,Technology,Accessories,17584.05,478.77,3
ORD-1227,2022-08-16,Sneha Iyer,Corporate,South,Technology,Binders,5916.18,-4646.72,6
ORD-1228,2022-08-17,Amit Sharma,Consumer,East,Technology,Binders,17103.25,7561.16,5
ORD-1229,2022-08-18,Ankit Gupta,Home Office,South,Technology,Storage,506.48,-3343.1,8
ORD-1230,2022-08-19,Sneha Iyer,Home Office,East,Furniture,Chairs,844.91,4199.95,6
ORD-1231,2022-08-20,Priya Patel,Consumer,South,Office Supplies,Storage,12249.79,7646.09,6
ORD-1232,2022-08-21,Priya Patel,Consumer,North,Technology,Chairs,7613.57,5738.51,1
ORD-1233,2022-08-22,Priya Patel,Consumer,East,Furniture,Chairs,8035.99,4091.1,4
ORD-1234,2022-08-23,Priya Patel,Home Office,West,Technology,Tables,11506.6,5912.99,5
ORD-1235,2022-08-24,Priya Patel,Consumer,West,Office Supplies,Phones,4239.76,7763.38,3
ORD-1236,2022-08-25,Sneha Iyer,Home Office,South,Furniture,Tables,4629.23,3077.48,9
ORD-1237,2022-08-26,Sneha Iyer,Corporate,West,Office Supplies,Phones,9949.73,2269.4,1
ORD-1238,2022-08-27,Neha Singh,Home Office,East,Office Supplies,Storage,15207.94,3167.1,6
ORD-1239,2022-08-28,Karan Malhotra,Home Office,West,Furniture,Phones,12580.21,1924.79,6
ORD-1240,2022-08-29,Rahul Verma,Corporate,North,Furniture,Storage,6298.42,3256.16,5
ORD-1241,2022-08-30,Rohit Mehta,Home Office,North,Furniture,Binders,8891.57,847.95,5
ORD-1242,2022-08-31,Priya Patel,Consumer,South,Furniture,Binders,3827.96,-2160.24,5
ORD-1243,2022-09-01,Amit Sharma,Consumer,East,Furniture,Phones,1955.28,-3436.79,6
ORD-1244,2022-09-02,Rohit Mehta,Home Office,North,Furniture,Phones,15762.57,-4111.57,8
ORD-1245,2022-09-03,Sneha Iyer,Consumer,North,Furniture,Storage,5675.05,-1576.89,2
ORD-1246,2022-09-04,Amit Sharma,Home Office,East,Technology,Tables,3966.44,-4400.39,6
ORD-1247,2022-09-05,Amit Sharma,Consumer,West,Office Supplies,Storage,13986.55,2373.22,1
ORD-1248,2022-09-06,Amit Sharma,Consumer,West,Furniture,Tables,12552.01,-1310.23,4
ORD-1249,2022-09-07,Neha Singh,Home Office,South,Technology,Binders,12847.2,5718.95,3
ORD-1250,2022-09-08,Sneha Iyer,Consumer,West,Technology,Chairs,4963.44,-4034.87,9
ORD-1251,2022-09-09,Amit Sharma,Home Office,East,Technology,Phones,5036.59,-2057.43,3
ORD-1252,2022-09-10,Priya Patel,Consumer,North,Office Supplies,Tables,4805.65,4493.2,6
ORD-1253,2022-09-11,Ankit Gupta,Consumer,West,Furniture,Storage,3888.18,2784.51,1
ORD-1254,2022-09-12,Amit Sharma,Corporate,South,Technology,Binders,13286.61,-4161.61,6
ORD-1255,2022-09-13,Neha Singh,Corporate,West,Office Supplies,Tables,17036.31,6404.11,4
ORD-1256,2022-09-14,Rohit Mehta,Home Office,East,Office Supplies,Storage,14624.19,6404.4,8
ORD-1257,2022-09-15,Sneha Iyer,Corporate,South,Office Supplies,Phones,15945.83,-704.7,9
ORD-1258,2022-09-16,Karan Malhotra,Home Office,West,Technology,Phones,8393.57,-574.72,4
ORD-1259,2022-09-17,Neha Singh,Corporate,South,Furniture,Accessories,13254.48,7857.37,6
ORD-1260,2022-09-18,Amit Sharma,Consumer,East,Technology,Chairs,7407.61,3140.29,1
ORD-1261,2022-09-19,Sneha Iyer,Home Office,North,Technology,Accessories,10747.34,1907.11,4
ORD-1262,2022-09-20,Ankit Gupta,Home Office,East,Furniture,Binders,9891.88,5895.98,7
ORD-1263,2022-09-21,Amit Sharma,Consumer,East,Furniture,Tables,3949.3,-1291.23,1
ORD-1264,2022-09-22,Neha Singh,Home Office,East,Furniture,Binders,8048.04,579.37,8
ORD-1265,2022-09-23,Rahul Verma,Home Office,East,Office Supplies,Storage,19294.53,-1518.9,6
ORD-1266,2022-09-24,Priya Patel,Corporate,North,Furniture,Phones,5347.32,5259.09,5
ORD-1267,2022-09-25,Karan Malhotra,Home Office,North,Technology,Accessories,3109.17,2453.54,9
ORD-1268,2022-09-26,Rohit Mehta,Consumer,South,Furniture,Accessories,8662.32,3564.73,2
ORD-1269,2022-09-27,Neha Singh,Corporate,West,Technology,Accessories,15911.59,-1720.01,5
ORD-1270,2022-09-28,Sneha Iyer,Corporate,North,Office Supplies,Binders,11851.89,-2137.07,6
ORD-1271,2022-09-29,Karan Malhotra,Consumer,North,Technology,Phones,13779.01,1348.87,7
ORD-1272,2022-09-30,Karan Malhotra,Consumer,West,Technology,Tables,4199.05,4588.35,5
ORD-1273,2022-10-01,Karan Malhotra,Corporate,North,Furniture,Storage,12569.49,1828.12,9
ORD-1274,2022-10-02,Amit Sharma,Home Office,East,Furniture,Tables,6808.26,-4575.61,1
ORD-1275,2022-10-03,Priya Patel,Corporate,East,Technology,Binders,16768.92,6291.17,7
ORD-1276,2022-10-04,Amit Sharma,Consumer,West,Furniture,Storage,12771.33,-4159.07,7
ORD-1277,2022-10-05,Sneha Iyer,Corporate,South,Office Supplies,Accessories,4377.7,7425.72,4
ORD-1278,2022-10-06,Amit Sharma,Consumer,South,Office Supplies,Chairs,1760.03,-4673.15,9
ORD-1279,2022-10-07,Rahul Verma,Corporate,West,Furniture,Binders,1331.35,4027.86,5
ORD-1280,2022-10-08,Priya Patel,Home Office,West,Office Supplies,Binders,7742.47,-3931.31,4
ORD-1281,2022-10-09,Priya Patel,Corporate,East,Furniture,Phones,5684.1,6838.8,7
ORD-1282,2022-10-10,Sneha Iyer,Corporate,South,Technology,Tables,13098.76,1037.63,4
ORD-1283,2022-10-11,Rohit Mehta,Consumer,North,Technology,Binders,10237.01,-3212.19,3
ORD-1284,2022-10-12,Rahul Verma,Consumer,East,Office Supplies,Binders,5687.38,-569.4,9
ORD-1285,2022-10-13,Neha Singh,Consumer,West,Furniture,Accessories,3410.14,-2857.28,8
ORD-1286,2022-10-14,Amit Sharma,Corporate,South,Furniture,Accessories,2980.4,-2782.44,1
ORD-1287,2022-10-15,Ankit Gupta,Home Office,North,Office Supplies,Storage,17360.88,7325.41,7
ORD-1288,2022-10-16,Amit Sharma,Consumer,North,Technology,Chairs,5247.82,788.2,9
ORD-1289,2022-10-17,Karan Malhotra,Consumer,East,Office Supplies,Phones,13208.36,5254.43,8
ORD-1290,2022-10-18,Amit Sharma,Corporate,South,Technology,Chairs,16308.38,3314.87,8
ORD-1291,2022-10-19,Neha Singh,Consumer,South,Furniture,Storage,12474.59,3793.54,6
ORD-1292,2022-10-20,Amit Sharma,Home Office,West,Technology,Accessories,17261.52,-3287.99,4
ORD-1293,2022-10-21,Rahul Verma,Home Office,South,Office Supplies,Tables,8151.68,-1955.6,8
ORD-1294,2022-10-22,Rahul Verma,Consumer,South,Furniture,Accessories,19146.33,5227.75,3
ORD-1295,2022-10-23,Priya Patel,Consumer,East,Office Supplies,Phones,3096.33,7619.96,9
ORD-1296,2022-10-24,Sneha Iyer,Corporate,South,Office Supplies,Accessories,2491.92,-1585.22,2
ORD-1297,2022-10-25,Rohit Mehta,Home Office,North,Technology,Phones,13344.5,-1469.61,2
ORD-1298,2022-10-26,Ankit Gupta,Home Office,East,Office Supplies,Phones,18885.21,1147.66,7
ORD-1299,2022-10-27,Karan Malhotra,Consumer,East,Technology,Phones,16273.23,7789.92,4
ORD-1300,2022-10-28,Amit Sharma,Corporate,West,Furniture,Storage,1990.13,-1503.53,8
ORD-1301,2022-10-29,Amit Sharma,Home Office,South,Technology,Phones,5947.67,290.63,9
ORD-1302,2022-10-30,Neha Singh,Home Office,West,Furniture,Phones,18641.22,6589.24,7
ORD-1303,2022-10-31,Sneha Iyer,Corporate,North,Technology,Tables,5434.64,-4962.03,5
ORD-1304,2022-11-01,Rahul Verma,Corporate,East,Office Supplies,Chairs,15732.82,-4483.04,8
ORD-1305,2022-11-02,Ankit Gupta,Home Office,East,Technology,Binders,16590.08,2852.93,4
ORD-1306,2022-11-03,Priya Patel,Home Office,East,Technology,Chairs,10161.32,6795.94,2
ORD-1307,2022-11-04,Rahul Verma,Corporate,North,Furniture,Phones,8033.8,-1894.86,6
ORD-1308,2022-11-05,Karan Malhotra,Home Office,North,Office Supplies,Tables,9277.43,1105.34,9
ORD-1309,2022-11-06,Sneha Iyer,Consumer,West,Technology,Accessories,4925.81,856.05,1
ORD-1310,2022-11-07,Karan Malhotra,Consumer,West,Office Supplies,Tables,17843.12,1148.63,7
ORD-1311,2022-11-08,Rohit Mehta,Corporate,West,Technology,Phones,9287.08,3092.76,9
ORD-1312,2022-11-09,Priya Patel,Corporate,South,Technology,Tables,17707.96,1106.67,9
ORD-1313,2022-11-10,Rohit Mehta,Corporate,East,Office Supplies,Tables,2561.02,817.09,3
ORD-1314,2022-11-11,Neha Singh,Consumer,East,Technology,Phones,19771.37,1165.75,5
ORD-1315,2022-11-12,Karan Malhotra,Home Office,West,Office Supplies,Storage,9143.83,2681.28,8
ORD-1316,2022-11-13,Neha Singh,Consumer,East,Technology,Tables,1432.7,1981.1,8
ORD-1317,2022-11-14,Amit Sharma,Home Office,West,Furniture,Binders,1241.43,6103.77,4
ORD-1318,2022-11-15,Rohit Mehta,Consumer,South,Office Supplies,Binders,15051.04,-4356.54,1
ORD-1319,2022-11-16,Sneha Iyer,Home Office,South,Technology,Tables,13351.19,5833.12,1
ORD-1320,2022-11-17,Karan Malhotra,Consumer,North,Technology,Storage,16141.55,5971.02,4
ORD-1321,2022-11-18,Ankit Gupta,Corporate,South,Furniture,Accessories,2554.67,-1296.2,6
ORD-1322,2022-11-19,Priya Patel,Consumer,West,Office Supplies,Phones,1193.63,1017.08,8
ORD-1323,2022-11-20,Rahul Verma,Home Office,South,Technology,Binders,10417.3,701.0,6
ORD-1324,2022-11-21,Sneha Iyer,Consumer,North,Furniture,Accessories,8058.11,-2159.37,9
ORD-1325,2022-11-22,Sneha Iyer,Consumer,East,Technology,Tables,9507.97,158.36,9
ORD-1326,2022-11-23,Neha Singh,Consumer,West,Office Supplies,Accessories,19835.97,-4422.96,2
ORD-1327,2022-11-24,Rohit Mehta,Corporate,East,Technology,Chairs,19429.62,-1388.31,1
ORD-1328,2022-11-25,Karan Malhotra,Consumer,North,Technology,Binders,18875.15,5616.87,2
ORD-1329,2022-11-26,Karan Malhotra,Corporate,North,Technology,Tables,15784.93,-1300.69,5
ORD-1330,2022-11-27,Amit Sharma,Corporate,North,Technology,Phones,7419.41,5636.69,4
ORD-1331,2022-11-28,Amit Sharma,Consumer,East,Furniture,Storage,8536.55,1910.79,4
ORD-1332,2022-11-29,Priya Patel,Consumer,East,Furniture,Tables,11217.51,6438.21,9
ORD-1333,2022-11-30,Neha Singh,Consumer,East,Office Supplies,Phones,16695.42,2472.13,8
ORD-1334,2022-12-01,Sneha Iyer,Home Office,East,Furniture,Storage,1839.9,-4614.31,6
ORD-1335,2022-12-02,Karan Malhotra,Consumer,North,Furniture,Storage,8773.79,3780.46,1
ORD-1336,2022-12-03,Ankit Gupta,Corporate,North,Office Supplies,Tables,2111.04,-4416.9,2
ORD-1337,2022-12-04,Neha Singh,Consumer,West,Furniture,Accessories,10535.82,857.76,6
ORD-1338,2022-12-05,Priya Patel,Home Office,West,Furniture,Accessories,18028.57,7082.55,2
ORD-1339,2022-12-06,Priya Patel,Consumer,East,Office Supplies,Storage,15758.46,-2852.35,5
ORD-1340,2022-12-07,Neha Singh,Home Office,South,Office Supplies,Accessories,4942.93,68.34,5
ORD-1341,2022-12-08,Priya Patel,Home Office,South,Office Supplies,Chairs,19531.82,4488.18,6
ORD-1342,2022-12-09,Neha Singh,Consumer,North,Technology,Storage,13513.33,6469.36,6
ORD-1343,2022-12-10,Rahul Verma,Corporate,North,Technology,Storage,703.34,3722.26,6
ORD-1344,2022-12-11,Neha Singh,Home Office,North,Office Supplies,Phones,5480.56,-1643.75,2
ORD-1345,2022-12-12,Rohit Mehta,Consumer,West,Office Supplies,Accessories,5583.91,3769.9,3
ORD-1346,2022-12-13,Neha Singh,Consumer,West,Office Supplies,Storage,1850.46,-1142.54,6
ORD-1347,2022-12-14,Priya Patel,Corporate,North,Technology,Chairs,19216.62,4339.58,8
ORD-1348,2022-12-15,Karan Malhotra,Home Office,North,Technology,Phones,9825.98,7402.43,1
ORD-1349,2022-12-16,Rohit Mehta,Home Office,North,Furniture,Tables,17968.38,4378.11,1
ORD-1350,2022-12-17,Priya Patel,Consumer,South,Furniture,Storage,6783.2,6217.45,2
ORD-1351,2022-12-18,Amit Sharma,Consumer,West,Office Supplies,Chairs,2942.05,-4972.65,6
ORD-1352,2022-12-19,Amit Sharma,Corporate,South,Technology,Binders,9749.55,4328.44,9
ORD-1353,2022-12-20,Karan Malhotra,Corporate,South,Technology,Chairs,2722.15,5784.64,4
ORD-1354,2022-12-21,Karan Malhotra,Home Office,North,Technology,Chairs,9977.3,-4472.74,3
ORD-1355,2022-12-22,Rohit Mehta,Home Office,North,Office Supplies,Phones,18445.8,6330.77,8
ORD-1356,2022-12-23,Rahul Verma,Consumer,East,Furniture,Tables,10654.98,-1662.98,9
ORD-1357,2022-12-24,Karan Malhotra,Home Office,East,Office Supplies,Binders,12521.74,3648.8,5
ORD-1358,2022-12-25,Amit Sharma,Corporate,South,Furniture,Accessories,3554.45,5404.61,9
ORD-1359,2022-12-26,Neha Singh,Corporate,West,Furniture,Accessories,1352.84,3614.64,2
ORD-1360,2022-12-27,Priya Patel,Consumer,North,Office Supplies,Chairs,2660.76,-3800.3,3
ORD-1361,2022-12-28,Amit Sharma,Corporate,North,Furniture,Phones,12171.37,2752.18,7
ORD-1362,2022-12-29,Amit Sharma,Corporate,South,Furniture,Phones,2352.73,2144.59,7
ORD-1363,2022-12-30,Rahul Verma,Corporate,East,Technology,Accessories,7831.86,6704.18,6
ORD-1364,2022-12-31,Rohit Mehta,Corporate,West,Furniture,Binders,11226.79,255.12,6
ORD-1365,2023-01-01,Rohit Mehta,Consumer,East,Office Supplies,Tables,8078.73,-825.95,2
ORD-1366,2023-01-02,Sneha Iyer,Consumer,East,Office Supplies,Binders,3691.83,4748.06,6
ORD-1367,2023-01-03,Rahul Verma,Home Office,East,Furniture,Storage,5838.93,364.78,4
ORD-1368,2023-01-04,Neha Singh,Corporate,East,Technology,Storage,18602.19,3399.25,3
ORD-1369,2023-01-05,Rohit Mehta,Home Office,North,Technology,Tables,13681.65,3403.85,2
ORD-1370,2023-01-06,Priya Patel,Consumer,North,Furniture,Accessories,10172.93,6544.51,1
ORD-1371,2023-01-07,Karan Malhotra,Consumer,East,Furniture,Tables,747.94,2783.0,5
ORD-1372,2023-01-08,Rahul Verma,Consumer,West,Office Supplies,Phones,19852.1,1528.0,2
ORD-1373,2023-01-09,Karan Malhotra,Consumer,South,Furniture,Storage,13593.37,-3194.67,2
ORD-1374,2023-01-10,Amit Sharma,Consumer,West,Technology,Chairs,6679.99,-3495.41,7
ORD-1375,2023-01-11,Priya Patel,Consumer,West,Furniture,Chairs,17645.74,-2993.82,8
ORD-1376,2023-01-12,Priya Patel,Consumer,West,Office Supplies,Accessories,5539.42,-2765.97,8
ORD-1377,2023-01-13,Amit Sharma,Corporate,East,Office Supplies,Phones,11108.32,3292.4,4
ORD-1378,2023-01-14,Rahul Verma,Home Office,North,Office Supplies,Binders,12903.38,4632.76,1
ORD-1379,2023-01-15,Amit Sharma,Consumer,West,Office Supplies,Phones,4810.74,1889.89,7
ORD-1380,2023-01-16,Karan Malhotra,Corporate,East,Office Supplies,Chairs,19578.75,5777.23,1
ORD-1381,2023-01-17,Sneha Iyer,Corporate,West,Furniture,Chairs,15089.74,7886.42,4
ORD-1382,2023-01-18,Priya Patel,Home Office,West,Furniture,Storage,11377.36,5660.16,8
ORD-1383,2023-01-19,Ankit Gupta,Consumer,East,Furniture,Phones,4021.59,4033.47,2
ORD-1384,2023-01-20,Ankit Gupta,Home Office,North,Furniture,Phones,1550.24,1922.41,6
ORD-1385,2023-01-21,Karan Malhotra,Consumer,North,Office Supplies,Chairs,6741.17,835.09,6
ORD-1386,2023-01-22,Neha Singh,Corporate,South,Technology,Binders,15187.15,-3902.9,9
ORD-1387,2023-01-23,Rohit Mehta,Corporate,East,Furniture,Accessories,5751.96,191.79,5
ORD-1388,2023-01-24,Amit Sharma,Corporate,South,Technology,Accessories,11021.35,6831.75,4
ORD-1389,2023-01-25,Amit Sharma,Corporate,South,Furniture,Phones,14694.97,5504.29,5
ORD-1390,2023-01-26,Neha Singh,Home Office,South,Furniture,Accessories,2604.9,-2191.33,5
ORD-1391,2023-01-27,Neha Singh,Consumer,North,Technology,Chairs,13863.31,1065.9,8
ORD-1392,2023-01-28,Karan Malhotra,Consumer,East,Office Supplies,Chairs,2291.48,5617.4,8
ORD-1393,2023-01-29,Karan Malhotra,Home Office,South,Furniture,Phones,19320.03,-4124.0,2
ORD-1394,2023-01-30,Neha Singh,Consumer,East,Furniture,Phones,10023.69,36.1,7
ORD-1395,2023-01-31,Priya Patel,Corporate,East,Furniture,Storage,3438.18,6073.94,8
ORD-1396,2023-02-01,Karan Malhotra,Consumer,North,Technology,Phones,7176.48,250.67,6
ORD-1397,2023-02-02,Sneha Iyer,Corporate,South,Office Supplies,Binders,8561.62,-3991.01,5
ORD-1398,2023-02-03,Karan Malhotra,Home Office,South,Technology,Accessories,15284.61,2052.95,9
ORD-1399,2023-02-04,Amit Sharma,Consumer,East,Technology,Phones,14996.76,6202.65,3
ORD-1400,2023-02-05,Karan Malhotra,Home Office,West,Office Supplies,Tables,12432.84,2673.71,4
ORD-1401,2023-02-06,Priya Patel,Consumer,North,Technology,Storage,2565.65,-2058.37,9
ORD-1402,2023-02-07,Neha Singh,Corporate,North,Office Supplies,Tables,3455.6,-4.88,6
ORD-1403,2023-02-08,Amit Sharma,Home Office,North,Furniture,Chairs,2328.26,851.6,8
ORD-1404,2023-02-09,Karan Malhotra,Consumer,North,Office Supplies,Accessories,11754.87,2530.46,7
ORD-1405,2023-02-10,Priya Patel,Corporate,South,Furniture,Phones,17604.2,4871.56,2
ORD-1406,2023-02-11,Sneha Iyer,Home Office,South,Technology,Tables,8959.11,-3714.64,3
ORD-1407,2023-02-12,Karan Malhotra,Home Office,West,Technology,Accessories,3636.54,6565.48,1
ORD-1408,2023-02-13,Priya Patel,Consumer,North,Furniture,Chairs,11381.83,-4839.97,9
ORD-1409,2023-02-14,Sneha Iyer,Consumer,North,Technology,Binders,16329.17,-189.32,7
ORD-1410,2023-02-15,Neha Singh,Consumer,East,Office Supplies,Storage,14963.39,-4643.54,1
ORD-1411,2023-02-16,Karan Malhotra,Corporate,South,Furniture,Accessories,17688.29,108.66,3
ORD-1412,2023-02-17,Sneha Iyer,Consumer,North,Technology,Accessories,5919.09,1835.56,4
ORD-1413,2023-02-18,Amit Sharma,Home Office,West,Furniture,Binders,4282.1,1651.86,4
ORD-1414,2023-02-19,Neha Singh,Home Office,West,Office Supplies,Accessories,17656.42,-2846.83,5
ORD-1415,2023-02-20,Amit Sharma,Consumer,South,Office Supplies,Chairs,13322.43,3394.63,3
ORD-1416,2023-02-21,Ankit Gupta,Consumer,West,Technology,Chairs,6563.11,-4417.88,3
ORD-1417,2023-02-22,Rahul Verma,Home Office,West,Office Supplies,Binders,14975.79,4904.79,1
ORD-1418,2023-02-23,Karan Malhotra,Corporate,South,Furniture,Storage,16394.81,7306.38,7
ORD-1419,2023-02-24,Sneha Iyer,Consumer,North,Office Supplies,Phones,12492.08,-583.01,1
ORD-1420,2023-02-25,Rahul Verma,Consumer,North,Furniture,Tables,13913.74,1724.11,2
ORD-1421,2023-02-26,Rahul Verma,Home Office,West,Furniture,Phones,7817.57,-74.17,4
ORD-1422,2023-02-27,Sneha Iyer,Consumer,West,Office Supplies,Accessories,11004.57,-4912.76,4
ORD-1423,2023-02-28,Neha Singh,Corporate,North,Technology,Tables,10721.1,16.37,5
ORD-1424,2023-03-01,Karan Malhotra,Home Office,South,Office Supplies,Binders,17036.93,5292.36,2
ORD-1425,2023-03-02,Ankit Gupta,Consumer,West,Furniture,Binders,16879.3,2747.85,4
ORD-1426,2023-03-03,Amit Sharma,Home Office,East,Furniture,Storage,16737.27,-3683.62,1
ORD-1427,2023-03-04,Priya Patel,Consumer,South,Office Supplies,Tables,715.12,6012.81,2
ORD-1428,2023-03-05,Amit Sharma,Consumer,West,Technology,Chairs,15116.14,1904.11,1
ORD-1429,2023-03-06,Priya Patel,Consumer,West,Technology,Tables,15294.19,5942.4,4
ORD-1430,2023-03-07,Amit Sharma,Corporate,East,Furniture,Accessories,13728.39,2542.88,4
ORD-1431,2023-03-08,Sneha Iyer,Corporate,East,Furniture,Chairs,15247.16,2275.95,7
ORD-1432,2023-03-09,Ankit Gupta,Home Office,North,Technology,Binders,16918.42,-3631.63,9
ORD-1433,2023-03-10,Karan Malhotra,Consumer,South,Office Supplies,Tables,9671.22,-2824.32,9
ORD-1434,2023-03-11,Priya Patel,Consumer,South,Furniture,Phones,10289.98,7636.33,5
ORD-1435,2023-03-12,Karan Malhotra,Corporate,North,Furniture,Storage,2931.92,-2029.67,1
ORD-1436,2023-03-13,Karan Malhotra,Consumer,South,Technology,Phones,8014.83,7706.88,1
ORD-1437,2023-03-14,Karan Malhotra,Corporate,South,Office Supplies,Storage,13045.62,1914.87,6
ORD-1438,2023-03-15,Rohit Mehta,Consumer,South,Technology,Accessories,15717.8,-3234.74,2
ORD-1439,2023-03-16,Neha Singh,Home Office,South,Office Supplies,Phones,4735.58,-3709.07,8
ORD-1440,2023-03-17,Amit Sharma,Consumer,South,Office Supplies,Tables,3187.55,-2284.77,9
ORD-1441,2023-03-18,Karan Malhotra,Consumer,East,Office Supplies,Tables,13429.32,7033.29,4
ORD-1442,2023-03-19,Amit Sharma,Corporate,South,Furniture,Phones,536.66,383.95,5
ORD-1443,2023-03-20,Karan Malhotra,Consumer,East,Technology,Tables,3978.27,140.65,8
ORD-1444,2023-03-21,Priya Patel,Consumer,South,Technology,Accessories,1066.89,-928.32,3
ORD-1445,2023-03-22,Neha Singh,Corporate,North,Office Supplies,Chairs,3754.26,-3088.2,5
ORD-1446,2023-03-23,Neha Singh,Home Office,West,Furniture,Accessories,4035.73,1342.07,3
ORD-1447,2023-03-24,Sneha Iyer,Home Office,East,Furniture,Storage,8059.64,-3309.38,3
ORD-1448,2023-03-25,Rohit Mehta,Corporate,South,Technology,Accessories,8345.38,5861.24,3
ORD-1449,2023-03-26,Sneha Iyer,Corporate,North,Furniture,Storage,17548.12,-184.84,7
ORD-1450,2023-03-27,Sneha Iyer,Corporate,West,Furniture,Tables,10447.14,-127.55,7
ORD-1451,2023-03-28,Sneha Iyer,Corporate,East,Office Supplies,Chairs,14606.39,1162.08,7
ORD-1452,2023-03-29,Sneha Iyer,Corporate,West,Furniture,Tables,2530.68,773.66,8
ORD-1453,2023-03-30,Sneha Iyer,Home Office,North,Office Supplies,Binders,4896.06,7933.15,5
ORD-1454,2023-03-31,Ankit Gupta,Home Office,East,Technology,Tables,14207.4,2089.95,5
ORD-1455,2023-04-01,Neha Singh,Corporate,West,Furniture,Storage,1529.68,-3853.38,4
ORD-1456,2023-04-02,Sneha Iyer,Consumer,South,Technology,Tables,9988.65,2889.41,7
ORD-1457,2023-04-03,Karan Malhotra,Corporate,East,Technology,Tables,12187.69,-3029.4,4
ORD-1458,2023-04-04,Neha Singh,Consumer,West,Furniture,Chairs,12241.84,-4597.81,2
ORD-1459,2023-04-05,Neha Singh,Corporate,North,Furniture,Tables,947.19,7619.65,4
ORD-1460,2023-04-06,Rahul Verma,Corporate,North,Technology,Chairs,6781.11,5056.01,8
ORD-1461,2023-04-07,Ankit Gupta,Home Office,East,Furniture,Phones,12911.57,7741.42,9
ORD-1462,2023-04-08,Sneha Iyer,Consumer,West,Office Supplies,Binders,3405.49,1212.42,3
ORD-1463,2023-04-09,Amit Sharma,Consumer,East,Office Supplies,Chairs,14060.61,1919.35,7
ORD-1464,2023-04-10,Priya Patel,Home Office,East,Furniture,Storage,15045.54,-2811.62,9
ORD-1465,2023-04-11,Rohit Mehta,Home Office,West,Technology,Phones,19648.4,-1790.2,4
ORD-1466,2023-04-12,Karan Malhotra,Home Office,West,Furniture,Chairs,4591.92,5901.14,3
ORD-1467,2023-04-13,Amit Sharma,Home Office,South,Furniture,Chairs,16590.05,-369.59,5
ORD-1468,2023-04-14,Ankit Gupta,Consumer,West,Technology,Binders,10645.78,5748.59,1
ORD-1469,2023-04-15,Priya Patel,Consumer,North,Technology,Storage,7782.52,4217.18,3
ORD-1470,2023-04-16,Ankit Gupta,Corporate,East,Office Supplies,Accessories,2886.35,-2696.78,8
ORD-1471,2023-04-17,Karan Malhotra,Corporate,East,Technology,Accessories,14842.36,1596.8,8
ORD-1472,2023-04-18,Neha Singh,Home Office,North,Office Supplies,Chairs,5099.22,3806.04,4
ORD-1473,2023-04-19,Priya Patel,Home Office,West,Technology,Tables,7742.73,-1944.52,2
ORD-1474,2023-04-20,Neha Singh,Home Office,North,Furniture,Storage,1719.57,5798.95,8
ORD-1475,2023-04-21,Karan Malhotra,Corporate,North,Office Supplies,Phones,16126.65,2082.76,8
ORD-1476,2023-04-22,Amit Sharma,Corporate,South,Office Supplies,Tables,15448.48,-2851.85,4
ORD-1477,2023-04-23,Karan Malhotra,Corporate,North,Office Supplies,Tables,14805.51,2578.8,3
ORD-1478,2023-04-24,Amit Sharma,Corporate,East,Furniture,Storage,6339.15,7996.28,2
ORD-1479,2023-04-25,Priya Patel,Corporate,North,Furniture,Chairs,3882.86,-3043.22,9
ORD-1480,2023-04-26,Priya Patel,Corporate,East,Furniture,Chairs,12932.29,5617.84,1
ORD-1481,2023-04-27,Sneha Iyer,Corporate,East,Furniture,Chairs,10175.24,-2304.98,7
ORD-1482,2023-04-28,Ankit Gupta,Home Office,East,Furniture,Chairs,3975.92,5171.05,5
ORD-1483,2023-04-29,Sneha Iyer,Home Office,West,Office Supplies,Accessories,13875.27,4549.51,8
ORD-1484,2023-04-30,Ankit Gupta,Home Office,South,Furniture,Chairs,19826.97,-1093.64,4
ORD-1485,2023-05-01,Sneha Iyer,Home Office,East,Office Supplies,Accessories,15070.78,-764.3,7
ORD-1486,2023-05-02,Neha Singh,Corporate,East,Furniture,Accessories,14929.73,5302.78,5
ORD-1487,2023-05-03,Priya Patel,Consumer,West,Technology,Chairs,19031.1,998.79,5
ORD-1488,2023-05-04,Amit Sharma,Corporate,East,Office Supplies,Binders,4457.26,4500.63,9
ORD-1489,2023-05-05,Ankit Gupta,Consumer,North,Technology,Phones,11528.22,-3076.21,9
ORD-1490,2023-05-06,Karan Malhotra,Home Office,North,Office Supplies,Tables,19603.11,6083.25,9
ORD-1491,2023-05-07,Ankit Gupta,Corporate,South,Technology,Accessories,3723.24,4241.5,6
ORD-1492,2023-05-08,Amit Sharma,Home Office,East,Furniture,Storage,14154.91,6790.26,6
ORD-1493,2023-05-09,Sneha Iyer,Corporate,West,Furniture,Storage,11923.3,-3279.16,5
ORD-1494,2023-05-10,Ankit Gupta,Home Office,North,Furniture,Phones,11936.34,2709.19,9
ORD-1495,2023-05-11,Rohit Mehta,Consumer,West,Office Supplies,Storage,14104.58,2788.57,8
ORD-1496,2023-05-12,Neha Singh,Consumer,West,Technology,Binders,18627.53,-405.01,7
ORD-1497,2023-05-13,Priya Patel,Consumer,North,Furniture,Storage,15760.35,960.06,7
ORD-1498,2023-05-14,Amit Sharma,Corporate,West,Technology,Tables,1594.65,-4506.24,6
ORD-1499,2023-05-15,Priya Patel,Consumer,North,Technology,Tables,17128.2,4696.18,5
